"Metric","Friedman_chi_squared","Df","P_value","P_adjusted_BH"
"Edges",23.531914893617,2,7.76443049350606e-06,3.10577219740243e-05
"Components",18.6666666666667,2,8.8426988659883e-05,8.8426988659883e-05
"Isolates",18.6666666666667,2,8.8426988659883e-05,8.8426988659883e-05
"Largest_Component_Size",18.7272727272727,2,8.57875760157504e-05,8.8426988659883e-05
