"Metric","Friedman_chi_squared","Df","P_value","P_adjusted_BH"
"Edges",22.5454545454545,2,1.27150112701095e-05,1.27150112701095e-05
"Components",24,2,6.14421235332821e-06,8.19228313777095e-06
"Isolates",24,2,6.14421235332821e-06,8.19228313777095e-06
"Largest_Component_Size",24,2,6.14421235332821e-06,8.19228313777095e-06
