"","Df","SumOfSqs","R2","F","Pr(>F)"
"Model",2,1177.09476425896,0.378020953281402,21.5758776960235,0.001
"Residual",71,1936.73994263022,0.621979046718598,NA,NA
"Total",73,3113.83470688919,1,NA,NA
